"czas","Dane"
0,0.199590384055744
0.25,0.192625222943983
0.5,0.243931530933931
0.75,0.245945284489762
1,0.263127238652669
1.25,0.266501987220008
1.5,0.228072223724901
1.75,0.209021176851614
2,0.178836116989958
2.25,0.151940723455935
2.5,0.141326966806434
2.75,0.139668545286754
3,0.100422103809622
3.25,0.0563911786212104
3.5,0.0949170777176725
3.75,0.0744892537246061
4,0.0634159698585951
4.25,0.0143860223057284
4.5,0.0335832856492538
4.75,0.0413480960264242
5,0.00883226343079967
